	logFC	logCPM	F	PValue	FDR
AT2G19810	-4.0167261983654	-4.01901942243153	5.08049147530017	8.83210756297663e-09	0.000151567797888242
