	logFC	logCPM	F	PValue	FDR
AT1G24996	2.1354604152269	2.13605699462965	5.07736983360538	2.28189608192664e-06	0.0396342530469838
