	logFC	logCPM	F	PValue	FDR
AT2G19810	-2.76999414454371	-2.77365078413518	3.08248301977811	1.21314601133756e-06	0.0212227763223392
